id,title,link,published,description
bc1bad5cab092bd1b7622516a5c2af8c691f34adcd08e4a5891f9f6e010cd4da,‘Break her legs’: Pragya Thakur tells parents to punish daughters for meeting ‘non-Hindus’,https://timesofindia.indiatimes.com/city/bhopal/consider-breaking-her-legs-pragya-thakur-urges-parents-to-punish-daughters-for-visiting-non-hindus-congress-calls-it-hatred/articleshow/124716449.cms,2025-10-21T07:31:34,"Former Bhopal MP Pragya Singh Thakur has sparked controversy with remarks advising parents to physically punish daughters who visit non-Hindu homes, even suggesting ""breaking their legs."" Speaking at a religious event, Thakur urged parents to enforce obedience and values, stating that punishment is necessary for their well-being."
d3d71e5464943d186ffd140533e0186a534ff33b41f66e4a099b681546b61339,"Items unverified for 40 yrs: Ivory, gold & valuables ‘missing’ from Guruvayur temple; key findings",https://timesofindia.indiatimes.com/city/thiruvananthapuram/ivory-gold-other-valuables-missing-in-guruvayur-temple/articleshow/124694872.cms,2025-10-19T23:04:23,"Audits reveal alarming lapses in Guruvayur Devaswom's management of temple valuables, including gold, silver, and ivory. Poor recordkeeping and missing documentation have left precious assets vulnerable to misuse. Despite legal requirements, physical verification of valuables has been neglected for decades, raising concerns about accountability and potential misappropriation."
5952cf77cbc248a37da58350ff7a602e6247fa85594be70fa2f312c3e53e6a44,Diwali bonus row causes chaos on Agra-Lucknow Expressway; toll gates flung open,https://timesofindia.indiatimes.com/city/agra/diwali-bonus-dispute-triggers-toll-plaza-chaos-agra-lucknow-expressway-workers-open-gates-vehicles-pass-without-paying/articleshow/124717269.cms,2025-10-21T08:33:18,"Toll gates on the Agra-Lucknow Expressway were opened by protesting workers demanding a higher Diwali bonus, causing thousands of vehicles to pass without payment. Police intervened, leading to discussions where the company agreed to a 10% salary hike, restoring operations after a two-hour disruption."
b5c71b2ecdb5f3e338b9757169e01122519648be6b15665c59c53d11b6324f56,"Punjab shocker: Ex-DGP, wife booked over son’s suspicious death; video sparks probe",https://timesofindia.indiatimes.com/city/chandigarh/former-punjab-dgp-mohammad-mustafa-ex-minister-wife-booked-in-son-akil-akhters-suspicious-death-sit-constituted/articleshow/124716294.cms,2025-10-21T07:18:21,"Former Punjab DGP Mohammad Mustafa and his wife, ex-minister Razia Sultana, are among four booked by Haryana Police in connection with their son Akil Akhter's death. Akhter was found dead under suspicious circumstances, with social media posts alleging threats to his life. A Special Investigation Team has been formed to probe the matter."
426811028692e84d403e2e36b527e227b77652cfaa87f2e5c3c3c3cbaed2adb0,'Clear evidence attack was by Pakistan': ACB spokesperson on airstrike in Paktika,https://timesofindia.indiatimes.com/sports/cricket/news/we-have-clear-evidence-that-the-attack-was-by-pakistan-acb-spokesperson-on-airstrike-that-killed-3-afghanistan-cricketers/articleshow/124717451.cms,2025-10-21T08:34:53,"Afghanistan's cricket board has pulled out of a tri-series in Pakistan after accusing Islamabad of an airstrike that killed three Afghan cricketers.  The ACB spokesperson demanded global condemnation, citing evidence of Pakistani involvement.  National players reportedly support the withdrawal, with Zimbabwe replacing Afghanistan in the tournament."
efa64542c11502aa48a9de8bd0f468f6af603c486ec56778e912293885566569,Economic warning: JPMorgan CEO urges action; Says US too dependent on unreliable sources,https://timesofindia.indiatimes.com/technology/tech-news/jpmorgan-ceo-jamie-dimon-says-we-need-to-act-now-it-has-become-painfully-clear-that-america-has-/articleshow/124718760.cms,2025-10-21T09:48:05,"JPMorgan Chase CEO Jamie Dimon is launching a $1.5 trillion, decade-long plan to bolster America's industrial strength and reduce foreign supply chain reliance.  The Security and Resiliency Initiative will target defense, frontier tech, energy, and advanced manufacturing, with the bank committing $10 billion to kickstart these vital sectors. Dimon urges immediate, unified action to secure the nation's future."
62c668c5ccec07bb6c0f903867428a0af4debfbebbf48f5132ad8b93b6bf56c4,Sarfaraz misses out; Pant recovers to be named captain of India A vs South Africa A - complete squads,https://timesofindia.indiatimes.com/sports/cricket/news/rishabh-pant-recovers-to-be-named-captain-of-india-a-squad-vs-south-africa-a-complete-squads/articleshow/124715968.cms,2025-10-21T07:01:25,Rishabh Pant will lead the India A squad in two four-day matches against South Africa A. This marks Pant's return after recovering from a toe injury sustained in England. He was previously named in the Delhi Ranji Trophy squad but may miss that fixture. The matches are scheduled for October 30 and November 6 in Bengaluru.
b5c279c43cffae63b84cb383533bb1fcbdfd4f58686c0d54d744d96bb88b22a8,"Muhurat trading 2025: Nifty50 closes above 25,800; Sensex up nearly 63 points",https://timesofindia.indiatimes.com/business/india-business/muhurat-trading-2025-stock-market-today-nifty50-bse-sensex-samvat-2082-october-21-2025-top-stocks-gainers-losers-outlook-diwali-highlights/articleshow/124716207.cms,2025-10-21T08:18:34,"Stock market today on Muhurat trading 2025: Indian equity benchmark indices, Nifty50 and BSE Sensex, opened in green for the one-hour special Diwali Muhurat trading session on Tuesday."
06fe64710b023914b02669b8e9d2e8386ec396e9d19036ac53772db53caea21d,Delhi air pollution worsens: Tracking city’s AQI over 10 Diwalis; this year is just as toxic,https://timesofindia.indiatimes.com/city/delhi/delhi-air-pollution-worsens-tracking-citys-aqi-over-10-diwalis-this-year-is-just-as-toxic/articleshow/124715140.cms,2025-10-21T06:26:11,"Delhi residents woke to thick grey haze as air quality turned 'very poor' post-Diwali. Many burst firecrackers beyond the Supreme Court's limit. Pollution levels reached 'severe' in several areas. This follows a trend of poor air quality after Diwali celebrations in previous years, highlighting the impact of fireworks on existing pollution."
c55d929127b4c5292ff8f85a1d49add30e19a7f3b27a62ff4e8ed4e58e9e44b2,AI hiring: Startups rent luxury flats in San Francisco; Analysts ‘never seen anything like it’,https://timesofindia.indiatimes.com/technology/tech-news/honestly-ive-never-seen-anything-like-it-before-says-top-analyst-on-housing-perks-that-ai-startups-are-offering-in-san-francisco/articleshow/124718857.cms,2025-10-21T09:52:54,"AI startups in San Francisco are leasing luxury apartments for employees to combat the city's competitive housing market and attract top talent. This strategy goes beyond higher salaries, with some companies also offering rent stipends to encourage proximity to the office. The AI boom has significantly inflated rents, prompting these innovative housing solutions."
81bbf21444dcb3eab877bc3cb5b8562fed51230ed451e9e34cc621c6822368c3,Why Rizwan was removed as Pakistan captain - shocking inside details,https://timesofindia.indiatimes.com/sports/cricket/news/shocking-reason-why-pakistan-removed-mohammed-rizwan-as-odi-captain/articleshow/124715294.cms,2025-10-21T06:20:29,"Pakistan wicketkeeper-batter Mohammad Rizwan has been removed as ODI captain, replaced by Shaheen Shah Afridi. Sources told TimesofIndia.com that Rizwan’s refusal to promote betting companies led to his ouster, despite his strong performances. Former captain Rashid Latif slammed the PCB, hinting at ideological bias, as Shaheen prepares to lead Pakistan against South Africa in Faisalabad."
84186ef3a034bdb1396e86fb5723cf9100f82f0502f512f06c80d01c1732aaeb,"IMD warns of heavy rain, thunderstorms & flood risk across several states",https://timesofindia.indiatimes.com/life-style/travel/imd-warns-of-heavy-rain-thunderstorms-and-flood-risks-for-several-states-read-all-about-it-here/articleshow/124707400.cms,2025-10-21T01:30:00,"Southern and eastern India are bracing for a week of intense rainfall and thunderstorms, with the IMD predicting widespread showers and heavy downpours through October 26. Northeast monsoon activity is surging, prompting flash flood warnings for several districts in Tamil Nadu, Kerala, and Andhra Pradesh. Residents are urged to exercise caution."
89434a03977b838fa6b6c38977fd9dde753251c2b17d7c0ea7cd396e1e2c09d4,"AWS outage impact: McDonald’s, Microsoft, Apple Music, Alexa hit",https://timesofindia.indiatimes.com/technology/tech-news/aws-down-mcdonalds-microsoft-office-365-apple-music-alexa-and-other-big-businesses-that-amazon-outage-disrupted/articleshow/124716515.cms,2025-10-21T07:32:08,"A significant AWS outage on Monday, October 20, disrupted services for major companies like McDonald's, Microsoft Office 365, and Apple Music. The disruption stemmed from DNS issues affecting Amazon's DynamoDB database, impacting over 70 AWS services and highlighting cloud infrastructure fragility. Recovery efforts began in the afternoon, with services gradually returning online."
3868392a9ca0f4d8f5cdcbab2ce85f86083ed3ebd79d16e0b2ac0806d2aa3427,‘Purification’ over namaz at Shaniwarwada: ASI officer files plaint against 3 women; NCP seeks action,https://timesofindia.indiatimes.com/city/pune/pune-allies-criticise-bjp-mp-medha-kulkarni-over-purification-after-namaz-ncp-seeks-police-action/articleshow/124712949.cms,2025-10-21T03:45:37,"BJP MP Medha Kulkarni faced strong criticism from NCP and Shiv Sena for protesting and 'purifying' Shaniwarwada after Muslim women offered namaz. The NCP demanded a police case against her, alleging she disturbed communal harmony. The incident led to police deployment at the historic site."
3779a452c73174d0093868619ca531d96acc98a95486122b61807fbe8e181fdd,Fight erupts in Texans vs Seahawks as Stingley Jr. knocks off Smith-Njigba’s helmet,https://timesofindia.indiatimes.com/sports/nfl/news/houston-texans-vs-seattle-seahawks-big-fight-breaks-out-on-monday-night-football-as-derek-stingley-jr-knocks-helmet-off-jaxon-smith-njigba/articleshow/124713678.cms,2025-10-21T05:29:16,"Tempers flared between the Texans and Seahawks as Derek Stingley Jr. was flagged for unnecessary roughness after knocking Jaxon Smith-Njigba's helmet off following an interception. The penalty shifted momentum, impacting the Texans' drive. This intense moment highlighted the high stakes and discipline challenges in a pivotal Week 7 matchup."
4e725fdbea2c7722d813ed07f8d7fa542352d118d03efc2be12b903f9af77259,Hardik Pandya-Mahieka Sharma make it official? Diwali celebration wins the internet,https://timesofindia.indiatimes.com/sports/cricket/news/hardik-pandya-mahieka-sharma-make-it-official-their-diwali-celebration-wins-the-internet-watch/articleshow/124716354.cms,2025-10-21T07:34:22,"Indian cricketer Hardik Pandya and model Mahieka Sharma have confirmed their relationship, appearing together at a Diwali celebration in coordinated red outfits. This public outing follows recent glimpses of their beach birthday getaway and airport sightings, putting an end to months of speculation about their romance."
4316a52272c67417578cca731aa7a715f32eb70d2d03faa418be251f6bd62838,Top picks for Samvat 2082: Muhurat trading today – 10 stocks for up to 38% returns,https://timesofindia.indiatimes.com/business/india-business/top-picks-for-samvat-2082-muhurat-trading-today-10-stocks-to-buy-for-up-to-38-returns/articleshow/124716834.cms,2025-10-21T07:51:30,"As India enters Samvat 2082, Motilal Oswal Financial Services analysts highlight a strong growth phase for Nifty earnings, projecting an 8% rise in FY26 and 16% in FY27. Muhurat Trading 2025 could signal market recovery, with the brokerage listing top stock picks like SBI, M&amp;M, and BEL for potential gains up to 38%."
90d6682f30e150aba2d6c51cdae03a7e793c5691b11ad17ec4f132c4b282c716,'Only Congress will respect Nitish’: Pappu Yadav accuses BJP of isolating CM,https://timesofindia.indiatimes.com/india/only-congress-will-respect-nitish-kumar-pappu-yadav-accuses-bjp-of-isolating-cm-predicts-jdu-exit-from-nda-after-polls/articleshow/124715852.cms,2025-10-21T07:31:10,Congress MP Pappu Yadav claims the BJP-led NDA is sidelining Bihar Chief Minister Nitish Kumar. He stated that only the Congress party will offer Kumar the respect he deserves. Yadav believes Kumar will not remain with the NDA after the upcoming Bihar elections. Bihar is scheduled to vote in November.
9280bbce185b14fa68fe4c82e8e8edd41798b8b003f9087a1c2bf757fc126050,"'Adopt swadeshi, respect all languages': PM Modi’s letter to nation on Diwali; highlights achievements",https://timesofindia.indiatimes.com/india/adopt-swadeshi-respect-all-languages-pm-modis-letter-to-nation-on-diwali-highlights-historic-achievements/articleshow/124714191.cms,2025-10-21T05:22:33,"Prime Minister Modi celebrated Deepavali, linking it to national progress and Lord Ram's ideals of justice. He highlighted the eradication of Naxalism in several districts and praised economic reforms like the GST Savings Festival. PM Modi emphasized India's rising global influence and urged citizens towards self-reliance and unity, inspired by the festival's spirit of shared light."
01ad1baab605999e199c8521aba7a4534caee9ecc4a68005c08da8bfe3272a66,Bengaluru techie suicide scandal deepens: Ola Electric CEO booked; kin cite mysterious fund transfer,https://timesofindia.indiatimes.com/city/bengaluru/ola-electric-ceo-top-official-named-in-fir-after-bengaluru-engineers-suicide/articleshow/124709269.cms,2025-10-20T22:29:44,"Ola Electric faces abetment to suicide charges after an engineer's death. His family alleges workplace humiliation and salary denial drove him to suicide, naming CEO Bhavish Aggarwal and a senior executive in an FIR. The company denies harassment claims, expressing condolences and pledging cooperation with the investigation."
11dea1cad91541ae6bcf1fc22d65ee0a76ca5376fb3c961bd6e3fc8143bea343,Asrani's funeral: 'It was 'Sholay' star's wish to keep his last rites private',https://timesofindia.indiatimes.com/entertainment/hindi/bollywood/news/asranis-funeral-it-was-the-sholay-stars-wish-to-keep-his-last-rites-private/articleshow/124716145.cms,2025-10-21T07:15:00,"Veteran actor and comedian Asrani ji has passed away, with his family honoring his wish for a private funeral. His last social media post was a Diwali greeting to fans. Asrani's family issued a statement mourning his irreparable loss to Hindi cinema and their hearts."
aac214b952b0221961e2087792aa6b831bee07512703641396fcf85df7e228ce,Japan gets new PM: Sanae Takaichi becomes first woman to hold top post,https://timesofindia.indiatimes.com/world/rest-of-world/japan-gets-new-pm-sanae-takaichi-becomes-first-woman-to-hold-top-post-known-as-china-hawk/articleshow/124714695.cms,2025-10-21T05:50:46,"Sanae Takaichi made history as Japan's first female prime minister, securing victory in a parliamentary vote. Her election, following a coalition agreement, ends a political deadlock and is expected to bring stability. Takaichi, a conservative figure, is anticipated to pursue policies similar to former Prime Minister Shinzo Abe."
0701cdb4014fb2082e7ef7794a67a71ec76c3499e4e078711e6674fc58f5a154,Orionid meteor shower peaks over US tonight: When and where to catch the blazing trails,https://timesofindia.indiatimes.com/world/us/orionid-meteor-shower-peaks-over-us-tonight-when-and-where-to-catch-the-blazing-trails/articleshow/124715574.cms,2025-10-21T07:09:28,"Stargazers across the US are in for a treat as the Orionid meteor shower peaks tonight, offering up to 20 shooting stars hourly. Best viewed after midnight until dawn, this celestial spectacle is caused by debris from Halley's Comet."
b8aed7d04cedc6c0416668589cafd1bbc8d7ba386f4a368e9b1bbcad1e20b824,Explained: $100K H-1B fee exempt for F-1 students; how to switch status,https://timesofindia.indiatimes.com/education/news/explained-how-f-1-students-can-switch-to-h-1b-status-without-paying-the-100000-fee/articleshow/124715387.cms,2025-10-21T06:24:58,"A new $100,000 fee for H-1B visa applications will impact new foreign applicants from September 21, 2025. USCIS confirms F-1 students in the United States are exempt when changing status. This allows international graduates to transition to professional roles without the significant cost. The fee targets overseas hires, not those already integrated into the US workforce."
8e970b865d2525cbe992dd0ef946925f7ef887d52922d660cd3c2237084d51ad,Muhurat Trading 2025: Top stocks to buy in Samvat 2082 for up to 30% returns,https://timesofindia.indiatimes.com/business/india-business/muhurat-trading-2025-top-stocks-to-buy-in-samvat-2082-for-up-to-30-returns-check-list/articleshow/124715299.cms,2025-10-21T06:32:19,"As India celebrates Samvat 2082, LKP Securities unveils its top stock picks for Muhurat Trading, anticipating up to 30% gains. The brokerage highlights Bajaj Finance, Divi's Laboratories, FSN E-Commerce Ventures, Swiggy, State Bank of India, and SBI Cards, citing strong technical indicators and bullish chart patterns for these selections."
a6d722c5cb5dd575c82794f9954d82e5de4e871105e221ee8acabb987aa155e9,"Rohit Sharma loses temper, yells at Shubman Gill - watch",https://timesofindia.indiatimes.com/sports/cricket/india-vs-australia/rohit-sharma-loses-temper-yells-at-shubman-gill-watch/articleshow/124713258.cms,2025-10-21T04:34:08,"New Indian captain Shubman Gill and Rohit Sharma struggled in the first ODI against Australia, with both openers dismissed early. A viral video resurfaced showing Rohit's frustration with Gill during a run-out mix-up in a previous match, highlighting the need for better coordination ahead of the crucial second ODI."
a5a37a099ce92c6560e2c378adf2aa74c1c457aba8e93f5527331beff56423fe,'The contribution is not ... ': Ravi Shastri's comment on Rohit Sharma and Virat Kohli,https://timesofindia.indiatimes.com/sports/cricket/india-vs-australia/the-contribution-is-not-ravi-shastris-massive-comment-on-rohit-sharma-and-virat-kohli/articleshow/124714494.cms,2025-10-21T05:25:35,"Ravi Shastri believes Rohit Sharma and Virat Kohli's immense contributions over a decade will ensure their legacies remain intact, regardless of when they retire. The legendary duo recently returned to international cricket after stepping away from Tests and T20Is, but both had a quiet outing in their first ODI against Australia in Perth."
82b848a9597e146f338aab00df0ed682bfa52be6a7549d1fd861c56c22c8ec27,Scientists are still puzzled by sudden lights appearing on the Moon,https://timesofindia.indiatimes.com/science/the-moon-suddenly-lights-up-strange-flashes-and-glows-still-puzzle-scientists-around-the-world/articleshow/124715865.cms,2025-10-21T06:55:53,"For centuries, astronomers have observed Transient Lunar Phenomena (TLPs) – strange lights on the Moon. These enigmatic flashes and glows, possibly caused by meteoroid impacts or gas releases from the lunar interior, offer crucial insights into the Moon's geology and dynamic processes. Ongoing research aims to unravel their mysteries and enhance our understanding of Earth's closest celestial neighbor."
d3085a6f3816bf4451dc5574b40e025bf94d045e32c06cb64136f40291acb528,'Eternal truth that good will always triumph': Trump wishes Americans on Diwali,https://timesofindia.indiatimes.com/world/us/eternal-truth-that-good-will-always-triumph-donald-trump-wishes-americans-on-diwali/articleshow/124713154.cms,2025-10-21T04:58:01,"President Donald Trump extended Diwali greetings, emphasizing its message of light over darkness and unity. He highlighted the festival as a time for families and friends to celebrate community, hope, and renewal. The observance is gaining official recognition across the US, with several states incorporating it into school calendars or as holidays."
aba0e3af9051df5737163beb76e1baa4a374951318aea568c0c25977bc04056f,Trouble in paradise! Sehwag's Diwali social post creates a stir: 'Where is...?',https://timesofindia.indiatimes.com/sports/off-the-field/virender-sehwags-diwali-social-media-post-creates-a-stir-where-is-/articleshow/124715854.cms,2025-10-21T06:56:27,"Virender Sehwag's recent Diwali post featuring only his sons has sparked speculation about his marriage. Fans are questioning the absence of his wife, Aarti Sehwag, amidst reports of their separation after 20 years. The couple has remained silent on the rumors, while Sehwag's sons also appeared in Aarti's separate social media posts."
e9611fcae7f2c9053e7fd7e39b2c61306c5191490bd77a00a78e7a529218cb2e,Gold price prediction: Where are prices headed in the near term?,https://timesofindia.indiatimes.com/business/india-business/gold-price-prediction-today-where-are-gold-rates-headed-on-october-21-2025-and-in-the-near-term-diwali/articleshow/124714972.cms,2025-10-21T06:03:55,"Gold price prediction: Gold prices are expected to be volatile, with analysts advising investors to buy on dips rather than chase the rally. Despite easing trade tensions and bank concerns, gold saw a sharp rise, driven by ETF inflows and anticipation of Fed rate cuts. Silver also experienced a significant rally, with a similar 'buy the dip' strategy recommended."
36d443db4e3d428a789a26903e020f877cf56abdb94f12370aa21c12ff7d5e41,Delhi air quality turns ‘Severe’ post-Diwali: Key precautions for residents & travelers,https://timesofindia.indiatimes.com/life-style/travel/delhi-air-quality-deteriorates-to-severe-a-day-after-diwali-precautions-travellers-and-residents-should-take/articleshow/124714684.cms,2025-10-21T05:38:50,"Delhi choked on severe smog post-Diwali, with the AQI soaring to 451 despite Supreme Court restrictions on firecrackers. Satellite towns also reported hazardous levels. Experts warn of extreme health risks, especially for vulnerable groups. Weather conditions are expected to prolong the smog, urging residents and travelers to take precautions."
ec0364c447c1cd0a14bc7097cf9b5bffb74c7f79890086e1c0dc586ccdc13626,How routine eye exams help detect cardiovascular problems early,https://timesofindia.indiatimes.com/life-style/health-fitness/health-news/your-eyes-can-reveal-early-signs-of-heart-disease-doctors-explain-how-routine-eye-exams-help-detect-cardiovascular-problems-early/articleshow/124714865.cms,2025-10-21T06:24:48,"Routine eye exams are now revealing early signs of heart disease. The retina's delicate blood vessels can show changes like narrowed vessels or 'eye strokes,' indicating potential cardiovascular risks. This non-invasive approach allows for earlier detection of conditions like high blood pressure and atherosclerosis, prompting crucial follow-up with doctors and potentially preventing serious heart events."
78e793e9e5bd947b68318ada90aeade14062ebe4c0eba39b3aa997f4f838f6f4,Trump's warning to China; seeks ‘fair deal’ amid tariff row,https://timesofindia.indiatimes.com/business/international-business/if-they-dont-do-business-with-us-trump-warns-china-of-big-trouble-seeks-fair-deal-amid-tariff-row/articleshow/124712747.cms,2025-10-21T03:43:58,"President Trump expressed optimism for a fair trade deal with China, despite his trade official accusing Beijing of ""economic coercion."" Trump highlighted his strong relationship with President Xi and upcoming meetings, while also warning of significant trouble for China if trade falters. The US also signed a critical minerals agreement with Australia to counter China's regional influence."
21f80f915f921a589783d201511b302f8a365521594d3f9f4f24634d07b9fa03,"Spent Rs 66k, Pune farmer gets Rs 664 for 7.5 quintals of rain-hit onions",https://timesofindia.indiatimes.com/india/pune-farmer-receives-low-onion-prices-as-rain-and-poor-policies-hurt-maharashtra-agriculture/articleshow/124709996.cms,2025-10-20T18:56:57,
9fd562941da162be26bdd1026fed8bd8f0a4ed7afc2d27153b9ae9e111b3f731,"$100,000 H-1B visa fee: Who pays, who doesn’t? Trump admin clears the air amid confusion over policy",https://timesofindia.indiatimes.com/business/international-business/100000-h-1b-visa-fee-who-pays-who-doesnt-trump-admin-attempts-to-settle-confusion-over-policy/articleshow/124712563.cms,2025-10-21T04:08:43,"USCIS has detailed its $100,000 visa fee, requiring payment via a new portal for applicants to proceed. Notably, existing visa holders like F-1 students and L-1 professionals are exempt from this surcharge when changing status to H-1B. Exceptions are extremely rare, requiring Homeland Security's discretion for national interest cases."
47856958409373ddb5794e0b35decf1f8839f299c6f585c59bb31eb2929c0829,Are BSE and NSE open for trading today? Check Muhurat trading details,https://timesofindia.indiatimes.com/business/india-business/stock-market-today-are-bse-and-nse-open-for-trading-today-check-muhurat-trading-timing-and-details/articleshow/124714198.cms,2025-10-21T05:28:10,"Indian stock markets are set for a special Muhurat Trading session on Tuesday, October 21, 2025. This one-hour trading window marks the start of Samvat 2082, symbolizing prosperity. The National Stock Exchange and Bombay Stock Exchange will be closed for Diwali Laxmi Pujan on October 21 and Balipratipada on October 22."
0ebc8dcfbe67f769589d8bc644bc113275f743f9ea15cd52a0b73ef6ef0d7fff,'Sholay' actor Asrani passes away: PM Modi remembers him as 'a gifted entertainer',https://timesofindia.indiatimes.com/entertainment/hindi/bollywood/news/sholay-actor-asrani-passes-away-prime-minister-narendera-modi-remembers-him-as-a-gifted-entertainer/articleshow/124713903.cms,2025-10-21T05:15:03,"Veteran actor Asrani has passed away at 84. He died after a long illness. Prime Minister Narendra Modi and Union Home Minister Amit Shah have paid tribute. Asrani entertained millions with his performances. His family performed his last rites. He is survived by his wife, sister, and nephew. His legacy will be cherished."
bca4dddf0d835193e9a8ea15a2e91cd72fecc18bccd87fd226a5196d044f65b8,Watch: Nakamura breaks down while talking about Naroditsky; American GM passes away,https://timesofindia.indiatimes.com/sports/chess/watch-hikaru-nakamura-breaks-down-while-discussing-the-death-of-american-gm-daniel-naroditsky/articleshow/124713078.cms,2025-10-21T04:42:44,"The chess world mourns Grandmaster Daniel Naroditsky's sudden death at 29. Naroditsky was a celebrated player and educator. He earned his Grandmaster title at 17. He was a top player in classical, rapid, and blitz chess. Naroditsky also built a large online following. His passing is a significant loss for competitive and online chess."
5c92fe18cc9f55ad399fb866ed1acbd325f5809da41fefe95739b7c7712978c0,Diwali bank holidays 2025: When will banks be closed? Check state-wise schedule,https://timesofindia.indiatimes.com/business/india-business/diwali-bank-holidays-2025-when-will-banks-be-closed-check-the-complete-state-wise-schedule/articleshow/124689551.cms,2025-10-19T15:52:13,"Diwali celebrations in October 2025 will bring several bank holidays across India. Different states will observe closures on various days for festivals like Naraka Chaturdashi, Laxmi Puja, Govardhan Puja, and Bhai Dooj. Some regions will experience extended breaks. Customers can use digital banking services during these periods. Planning transactions in advance is recommended."
3f492892b970670788fb1cce88e5ecec3b266b90c92d1f4e969a22336c361ce4,'Don't argue': Virat Kohli receives a tough message after Perth duck,https://timesofindia.indiatimes.com/sports/cricket/india-vs-australia/avoid-arguments-virat-kohli-receives-a-tough-message-after-perth-duck/articleshow/124711333.cms,2025-10-21T00:01:56,"Former Australian cricketer Matthew Hayden advised Virat Kohli to avoid overthinking and self-arguments after a duck in the first ODI against Australia. Hayden expressed faith in Kohli's exceptional technique and experience, emphasizing his destructive potential with clarity. India pacer Arshdeep Singh also defended Kohli, calling form a mere word for the seasoned batter."
48ccc3a4a83292c95ad0eb7effe628c540c67562a6f4a20c6ec842a8e2bebea2,Watch: Bulldozers move in as part of White House razed; Trump set to build grand ballroom,https://timesofindia.indiatimes.com/world/us/watch-bulldozers-move-in-as-part-of-white-house-razed-trump-set-to-build-grand-ballroom/articleshow/124713168.cms,2025-10-21T04:40:58,"Construction has begun on President Trump's new 90,000-square-foot ballroom, involving the demolition of the East Wing of the White House. This significant renovation, one of the largest in decades, aims to nearly double the building's size. The project, funded in part by corporate executives, has raised ethics concerns regarding donor access."
1ae938743c9d70a92c08df40f4b9e42d1819858da31ae72a558dc63a40ea0cf0,"‘Never trust an Indian’: Racist, pro-Nazi chat by Trump nominee leaked",https://timesofindia.indiatimes.com/world/us/never-trust-an-indian-racist-pro-nazi-chat-by-trump-nominee-paul-ingrassia-leaked-whats-will-happen-to-his-confirmation/articleshow/124711560.cms,2025-10-21T01:24:35,"Leaked chats reveal Paul Ingrassia, Trump's nominee for Special Counsel, made deeply offensive remarks. He disparaged MLK Jr. Day, used racial slurs, and admitted to a ""Nazi streak."" Ingrassia also expressed views on race and leadership that drew sharp criticism from chat participants, sparking serious debate."
71c4e6c2dccde412e98828656be737d9f270b5daad8d22525b89b6e066088f05,Mohsin Naqvi plays musical chairs: Third Pakistan captaincy change in 12 months,https://timesofindia.indiatimes.com/sports/cricket/news/mohsin-naqvi-sacks-mohammad-rizwan-names-shaheen-afridi-as-pakistan-odi-captain/articleshow/124711657.cms,2025-10-21T01:36:40,"Shaheen Shah Afridi has been appointed Pakistan's new ODI captain for the upcoming series against South Africa, marking the third leadership change in the format within a year. He takes over from Mohammad Rizwan, who led the team to several series wins before facing challenges in 2025, including a significant defeat in the West Indies."
58f3ee89f3d37bdc5d49cd1d36a80eee4137365ba14b5609251f1b9bc7391b8d,'I don’t like you and never will': Trump’s confrontation with Australian ambassador,https://timesofindia.indiatimes.com/world/us/i-dont-like-you-and-never-will-donald-trumps-awkward-confrontation-with-australian-ambassador-in-white-house-watch/articleshow/124709564.cms,2025-10-20T18:43:20,"President Trump had an awkward exchange with Australian Ambassador Kevin Rudd during a press conference, seemingly unaware of Rudd's presence and past criticisms. This encounter highlights existing tensions between the two officials, despite Prime Minister Albanese's efforts to strengthen US-Australia ties and secure cooperation on critical minerals."
a8e170081b2e27768ff2548fbbf40f7630030c19fd32603d5622ae3b2bcd6f3e,'I don't speak Hindi': Teen faces deportation from New Zealand; what sparked action?,https://timesofindia.indiatimes.com/world/rest-of-world/i-dont-speak-hindi-18-year-old-navjot-singh-faces-deportation-to-india-from-new-zealand-because-parents-overstayed/articleshow/124710379.cms,2025-10-20T20:11:52,
b9a835427c9723aa26e02a4fad103911ba4a41adbc89fb31bce07a60ea62c10f,Asia Cup row: Pak's Naqvi declines to hand over trophy again; BCCI to move ICC,https://timesofindia.indiatimes.com/sports/cricket/news/pakistans-mohsin-naqvi-declines-to-release-indias-asia-cup-trophy-bcci-to-take-issue-to-icc/articleshow/124719800.cms,2025-10-21T10:59:00,"India's Asia Cup victory remains marred by a trophy dispute, with ACC head Mohsin Naqvi refusing to release it to the BCCI. Despite requests from India, Afghanistan, and Sri Lanka, Naqvi insists on a BCCI representative collecting it from Dubai. The BCCI has rejected this, planning to raise the issue at an upcoming ICC meeting."
30371c45038d523a02dddf7693d7c42b78baa7322437ffea97fb60bea80f7254,Riding high: Lokpal floats tender for 7 luxury BMWs; request sparks outrage online,https://timesofindia.indiatimes.com/india/riding-high-lokpal-floats-tender-for-7-luxury-bmws-request-sparks-outrage-online/articleshow/124719359.cms,2025-10-21T10:35:30,"India’s top anti-corruption body, the Lokpal, has come under fire after issuing a tender to purchase seven luxury BMWs, sparking allegations of hypocrisy and misuse of taxpayers’ money. Opposition leaders, activists, and social media users criticised the move, highlighting the irony of an institution created to fight corruption indulging in lavish spending."
52a7e9865813087b01dc46a0deddb40f5ae8043b91fe1de2ef01cb16bbda6af6,"'Defaming Diwali': BJP blames Punjab for Delhi's toxic air, says AAP made farmers burn stubble",https://timesofindia.indiatimes.com/city/delhi/delhi-air-pollution-bjp-minister-points-fingers-at-aap-sirsa-says-punjab-farmers-forced-to-burn-stubble-releases-videos/articleshow/124718611.cms,2025-10-21T09:59:26,"Delhi Minister Manjinder Singh Sirsa accused the Aam Aadmi Party (AAP) of deliberately politicizing Diwali and Hinduism. He alleged that Arvind Kejriwal banned firecrackers to appease a specific community and that AAP leaders have been criticizing the festival. Sirsa emphasized that Diwali is a Sanatan Hindu festival, not a BJP one, questioning the AAP's negative stance."
520943a0914e8d9c6cdaab152d1002f6685556927b1fd4259e8d44a1b374343a,AWS Outage: 15-hour internet disruption affect millions; What happened,https://timesofindia.indiatimes.com/technology/tech-news/amazon-web-services-outage-what-brought-the-internet-down-across-the-world-for-more-than-15-hours/articleshow/124719537.cms,2025-10-21T10:31:17,"A massive 15-hour Amazon Web Services outage on October 20 crippled thousands of popular apps and websites globally, including banking, gaming, and government services. The disruption stemmed from a critical Domain Name System (DNS) issue in AWS's primary US-EAST-1 data center, causing cascading failures. Experts highlight the need for companies to build better protection systems and emphasize that even minor infrastructure like DNS can cause widespread chaos."
ecbb4db283f1aa970645de25e2242c2fed2147709fae74c49f745127e10d995e,"Perth warning: Rohit, Kohli, and Iyer show cracks ahead of India’s 2027 ODI plans",https://timesofindia.indiatimes.com/sports/cricket/india-vs-australia/perth-warning-rohit-sharma-virat-kohli-and-shreyas-iyer-show-cracks-ahead-of-indias-2027-odi-plans/articleshow/124719671.cms,2025-10-21T11:12:47,"India’s star batters -- Rohit Sharma, Virat Kohli, and Shreyas Iyer -- struggled in Perth, scoring just 19 runs between them against Australia in the first ODI in Perth. Limited match practice and absence from multiple formats exposed the technical flaws, raising concerns ahead of the 2027 ODI World Cup in South Africa."
e15500d0cf066ba5de7c4b30f1eb51fd66a1be4b4bd257b50cc0cc60c8195023,Elon Musk claims SpaceX to carry 90% of global payload mass to space in 2025; Google CEO Sundar Pichai responds,https://timesofindia.indiatimes.com/technology/tech-news/elon-musk-claims-spacex-to-carry-90-of-global-payload-mass-to-space-in-2025-google-ceo-sundar-pichai-responds/articleshow/124705187.cms,2025-10-20T12:19:24,"SpaceX is poised to dominate global space launches, with Elon Musk projecting the company will carry nearly 90% of the world's payload mass to orbit in 2025. This projection follows a quarter where SpaceX already achieved this feat, largely due to its cost-effective reusable Falcon 9 rockets. Google CEO Sundar Pichai expressed admiration for the company's achievements."
492479090dd934086b69459908ec4a9803f0f9c67e9c9b6e73569e680e553610,LeBron James escapes lawsuit after fan claims he was ‘duped’ by fake retirement tease,https://timesofindia.indiatimes.com/sports/nba/top-stories/lebron-james-escapes-lawsuit-after-los-angeles-lakers-fan-claims-he-was-duped-by-fake-retirement-tease/articleshow/124719492.cms,2025-10-21T10:29:58,A Los Angeles Lakers fan has withdrawn his lawsuit against LeBron James. The fan claimed he lost money after believing James' teaser video meant retirement. He bought expensive tickets for a game. The announcement was for a liquor advertisement. PrizePicks offered him free tickets and merchandise. This convinced him to drop the case.
2d8e38f7dbb797ba75719107ee8b562cdb00c0e60dd0de3bcd1f2c5d2cb93668,Golden State Warriors unveil 2025–26 roster featuring Stephen Curry & Jimmy Butler,https://timesofindia.indiatimes.com/sports/nba/top-stories/golden-state-warriors-unveil-202526-opening-night-roster-featuring-stephen-curry-and-jimmy-butler/articleshow/124713243.cms,2025-10-21T04:40:49,"The Golden State Warriors have revealed their 2025-26 Opening Night roster, featuring Stephen Curry, Jimmy Butler, and Jonathan Kuminga. They will face the Los Angeles Lakers on October 21, who will be without LeBron James due to sciatica. This matchup marks Jimmy Butler's return after an ankle injury, and the Warriors aim to make a statement on opening night."
840873b18c091dce79e75717fbc0626740a87b579cac70acd7ca547f64ffb2d4,‘Kantara Chapter 1’ box office collection day 20 (live): Ayushmann Khurrana's 'Thamma' outperforms Rishab Shetty starrer in Tuesday earnings,https://timesofindia.indiatimes.com/entertainment/hindi/bollywood/box-office/kantara-chapter-1-box-office-collection-day-20-live-ayushmann-khurranas-thamma-outperforms-rishab-shetty-starrer-in-tuesday-earnings/articleshow/124720635.cms,2025-10-21T11:30:06,"Rishab Shetty's 'Kantara: Chapter 1' continues its impressive box office run, nearing Rs 550 crore. Despite strong performance, the film was outperformed on Tuesday by the new Diwali release, 'Thamma', which garnered over Rs 13 crore on its opening day."
3beb867f1dce320873b4ccf8a564052eccef6d945a919ccdceb5d5502f8f5d79,NASA opens SpaceX moon lander contract to rivals amid Starship delays,https://timesofindia.indiatimes.com/science/nasa-opens-spacexs-moon-lander-contract-to-rivals-amid-starship-delays-sparking-new-competition-for-artemis-3-mission/articleshow/124718790.cms,2025-10-21T09:54:51,"NASA is opening its prestigious Artemis 3 moon landing contract to new bidders, including Blue Origin, due to delays with SpaceX's Starship. This move aims to ensure a timely return to the Moon amid intensifying international competition, particularly from China. The agency seeks accelerated proposals to maintain US leadership in space exploration."
a6ae822f4556826f1f042e56c8444f12e5ea289e9ab7851730bd181277a32ea2,Bihar polls: Mahua to Raghopur — top 5 high-profile seats to watch out for,https://timesofindia.indiatimes.com/india/bihar-elections-mahua-to-raghopur-top-5-high-profile-constituencies-to-watch-out-for/articleshow/124718181.cms,2025-10-21T12:39:12,"Bihar's 2025 assembly elections are set for a high-stakes contest on November 6 and 11. Key constituencies like Raghopur and Mahua will witness intense battles, including family strongholds and 'friendly fights' between INDIA bloc partners, highlighting the RJD-Congress vs. BJP-JD(U) rivalry."
01e33b02e72cdfb46cbb3f0162fb178ce16a0d615360a8224be77e0a1432a145,'Dated this obese woman': Decoding India hate in Young Republicans chat,https://timesofindia.indiatimes.com/world/us/dated-this-obese-indian-woman-decoding-the-casual-anti-india-racism-in-young-republicans-chat/articleshow/124722961.cms,2025-10-21T13:48:09,"​During the election, fewer Indian-Americans voted for Harris than they did for Democratic candidates like Biden, Clinton, or Obama. Even after the election, it appeared Indians were everywhere and integral to the Republican machine. Tulsi Gabbard, an honorary Indian, was now Director of National Intelligence. Sriram Krishnan was advising Trump on AI. Kash Patel was the FBI chief. But all of it appeared to be just veneer, and the contempt for the community continued unabated — as evident during the MAGA Civil War, when the faithful attacked H-1B visa holders (mostly Indian-Americans) for Americans losing their jobs."
798b17da0647c0b05a82d59903d1a7fa1fec5c918adc665ea1e04fe4eafbdc21,Watch: 14-year-old Vaibhav Suryavanshi spotted bursting crackers on Diwali,https://timesofindia.indiatimes.com/sports/cricket/ipl/top-stories/watch-14-year-old-vaibhav-suryavanshi-spotted-bursting-crackers-on-diwali/articleshow/124722192.cms,2025-10-21T13:08:10,"Vaibhav Suryavanshi, a 14-year-old cricket star, celebrated Diwali with fans after Bihar's Ranji Trophy victory. The young player, who also secured an IPL contract, is seen as a key figure in Bihar's cricket revival. Suryavanshi is expected to play in the upcoming ICC Under-19 World Cup. He is enjoying his moments off the field."
088136f8819470f362dd7f1d58dadeaa5a2fad66b295a402fd2db22314ccf6f0,"'Fast, furious, and brutal!' Trump warns Hamas as Gaza ceasefire hangs by thread; Middle East on alert",https://timesofindia.indiatimes.com/world/us/fast-furious-and-brutal-trump-warns-hamas-as-gaza-ceasefire-hangs-by-thread-middle-east-on-alert/articleshow/124723138.cms,2025-10-21T13:41:27,
f4f12b0a64cbd6809c71b85419564f4eeb9105184545dd044280d7087dba2ef6,'Gazab aadmi hai': Nitish's awkward garland moment goes viral; Tejashwi mocks CM,https://timesofindia.indiatimes.com/india/gazab-aadmi-hai-nitish-kumars-awkward-garland-moment-goes-viral-tejashwi-renews-health-attack/articleshow/124721503.cms,2025-10-21T12:12:37,"Tejashwi Yadav has questioned Bihar Chief Minister Nitish Kumar's fitness to lead, sharing a video of the CM struggling at a rally. Yadav also alleged Nitish's party might have deliberately incapacitated him. This renewed criticism comes as Assembly elections loom, with Yadav suggesting Nitish's behavior raises governance concerns."
9983441164689a8a0bba38dc9dbdab3e5ce4612ee227dfe9bfb81e85a63a1eb7,"Days before his death, Daniel Naroditsky posted video with shocking title",https://timesofindia.indiatimes.com/sports/chess/days-before-his-tragic-death-chess-gm-daniel-naroditsky-posted-youtube-video-with-shocking-title/articleshow/124722655.cms,2025-10-21T13:52:28,"American chess grandmaster Daniel Naroditsky has died at age 29, with the cause undisclosed. Known for his talent as a player, commentator, and educator, Naroditsky's passing has prompted questions and discussions within the chess community. His family remembered him for his passion and the joy he brought to the game."
50d2f77912dcd1de87142c49ea7e33732b009097316a09f613fac8c3f156ee5c,Moon mission update: Musk's SpaceX is behind schedule; NASA to reopen contract,https://timesofindia.indiatimes.com/technology/tech-news/as-nasa-seeks-to-get-america-back-on-moon-administrator-sean-duffy-calls-elon-musks-spacex-behind-schedule-says-so-am-in-the-process-of-/articleshow/124721617.cms,2025-10-21T12:24:26,"NASA's acting chief, Sean Duffy, revealed SpaceX's Artemis III moon landing project is behind schedule. He emphasized a competitive approach, opening contracts for companies like Blue Origin to vie for the lunar return. Duffy aims for a mission within two years, driven by a desire to beat China to the moon under President Trump's term."
7f5bff7ba00570973d819dea5800a4834d6702e648933d1c0653e860a47b23f3,Bihar polls: AIMIM fields non-Muslim candidates; what is Owaisi's strategy?,https://timesofindia.indiatimes.com/india/bihar-polls-why-aimim-has-fielded-non-muslim-candidates-owaisis-move-explained-in-3-points/articleshow/124720860.cms,2025-10-21T11:46:18,"AIMIM has released its first list of 25 candidates for the Bihar assembly elections, notably including two non-Muslim nominees. This move signifies Asaduddin Owaisi's strategy to broaden the party's appeal beyond its traditional Muslim base and position it as a social justice platform for all communities, aiming to contest beyond the Seemanchal region."
0e649b6a3f4e82962953093ca7b9c39db593ead55cb071cab27a3e28d43808ef,'Tomar bhaiya hai mera': UP man abuses driver as cops look on; Cong links him to BJP,https://timesofindia.indiatimes.com/india/watch-up-man-abuses-forces-car-driver-to-kneel-and-apologise-over-parking-dispute-congress-links-him-to-bjp/articleshow/124721470.cms,2025-10-21T12:44:23,
d1a1042021111ce414f01570fcc0f8e4e3ec9f4dd2f16c769f800bbac31d7381,"Govardhan Puja 2025: Top 50 wishes, messages and quotes for loved ones",https://timesofindia.indiatimes.com/life-style/relationships/family/happy-govardhan-puja-2025-top-50-wishes-messages-greetings-card-gifs-whatsapp-and-facebook-status-and-quotes-to-share-with-your-loved-ones/articleshow/124717032.cms,2025-10-21T13:28:50,"Govardhan Puja 2025 is approaching, a festival celebrating Lord Krishna's protection of Vrindavan. Devotees prepare to share heartfelt wishes and messages. The article offers 50 wishes, messages, and quotes for family, friends, and colleagues. It also provides tips on celebrating this auspicious day, including worship of Govardhan Hill and offering Annakut. This festival emphasizes devotion, humility, and gratitude."
edc29922285f96b4813d16824a0e5808f247262a03c1bb6f4f954db41a22f12b,"Mitch Marner drops confident comment after first goals, shakes up Golden Knights",https://timesofindia.indiatimes.com/sports/nhl/news/vegas-golden-knights-star-mitch-marner-drops-confident-comment-after-first-goals-shaking-up-team-dynamics/articleshow/124698804.cms,2025-10-20T03:36:40,"Mitch Marner's two-goal outburst against the Calgary Flames has revitalized the Vegas Golden Knights, propelling them to the top of the Pacific Division.  His return to form, coupled with a perfect power play performance, signals a strong start to his debut season in Vegas, promising exciting times ahead for the team and its fans."
f3bc81787ab49da0309e0b54d6bca0c57b0a8990b0d5a8df780cdb8bc2fc96bc,Is Iran going nuclear again? Satellite images show rebuilt Taleghan-2 - what is it?,https://timesofindia.indiatimes.com/world/middle-east/is-iran-going-nuclear-again-satellite-images-show-rebuilt-taleghan-2-what-is-it/articleshow/124720689.cms,2025-10-21T11:47:19,"New satellite imagery reveals Iran is rebuilding Taleghan 2, a former nuclear weapons development site at Parchin, following its destruction in an October 2024 Israeli air strike. Construction resumed in May 2025, with a new structure emerging by August. This rebuilding escalates tensions and renews debate over diplomatic efforts to curb Iran's nuclear ambitions."
64b6692e76b489b1b6c39c8ed77e1e1dafcbbd1aaeb70a5325d64ca3c914c914,US visa chaos: New norms offer relief - who is exempt from paying $100k fee?,https://timesofindia.indiatimes.com/world/us/uscis-exempts-f-1-to-h-1b-status-change-from-the-100000-fee-easing-concerns-for-indian-students/articleshow/124719982.cms,2025-10-21T10:54:28,
69f701252836e56dd2df3b8346b1f41cb294256527eaee1f09a3c298f8162ed5,Stephen Curry reveals hilarious nickname for sister Sydel on her 31st birthday,https://timesofindia.indiatimes.com/sports/nba/top-stories/stephen-currys-instagram-story-revealed-a-hilarious-nickname-for-sister-sydel-curry-on-her-31st-birthday/articleshow/124720202.cms,2025-10-21T11:14:38,"Amidst personal speculations, Stephen and Ayesha Curry celebrated Sydel Curry Lee's 31st birthday. Stephen affectionately revealed his sister's nickname, 'Flossy,' in a heartwarming Instagram post. Sydel, an influencer, also shared a reflective message about her new life chapter, expressing gratitude for her community and family as she embraces turning 31."
ca08214786f86a58f3b649914f53874317c830231e93f638a89d775224d20ec8,Marcio Rubio faces backlash for 'Hindu-less' Diwali greeting,https://timesofindia.indiatimes.com/world/us/marco-rubio-faces-backlash-for-omitting-hindus-in-diwali-message/articleshow/124721092.cms,2025-10-21T11:54:03,"US Secretary of State Marco Rubio's Diwali message on X has drawn criticism for omitting any mention of Hindus, the festival's core community. Critics argue this dilutes Diwali's Hindu origins and feels dismissive, despite the message wishing joy and peace to all celebrants. The omission overlooks the festival's deep religious and cultural significance for Hindus worldwide."
75e982c506ef259cb4792b06d7af987ca31c12a79d0da35f499a9a40c741fa44,"Meet Sanae Takaichi, the 'iron lady' of Japan and first woman PM leading nation",https://timesofindia.indiatimes.com/world/rest-of-world/meet-japans-iron-lady-sanae-takaichi-first-woman-prime-minister-facing-big-political-economic-and-regional-challenges/articleshow/124720695.cms,2025-10-21T11:40:45,"Sanae Takaichi has become Japan's first female Prime Minister, elected leader of the LDP and approved by parliament. A protégé of Shinzo Abe, she inherits a complex landscape, focusing on economic stimulus, stronger defense, and assertive diplomacy, particularly concerning China and Taiwan. Her socially conservative and nationalist stance marks a historic milestone amid domestic and global pressures."
e3eba24be40a54613ea26e9253251d7049c3c75c4cb25eb453e33b1153172388,"After Daniel's death, Sarin blasts Kramnik - ‘Baseless accusations caused pain’",https://timesofindia.indiatimes.com/sports/chess/after-daniel-naroditskys-death-indias-nihal-sarin-blasts-vladimir-kramnik-baseless-accusations-caused-him-immense-pain/articleshow/124720261.cms,2025-10-21T11:45:25,"Indian Grandmaster Nihal Sarin has indirectly criticised Vladimir Kramnik following Daniel Naroditsky's death, citing relentless, baseless cheating accusations that caused immense pressure. Naroditsky, who called Kramnik ""worse than dirt,"" experienced severe mental health impacts from the public harassment. The chess world mourns the loss of a bright light whose accessibility to millions was affected by these unfounded allegations."
ef7a2dfb5c00e8a2a14633855cc8225a558647fd1a0b269d00f48a4f55a647e2,3 lakhs and counting! Anaya Bangar shares Diwali photo with father; pens heartfelt note,https://timesofindia.indiatimes.com/sports/off-the-field/3-lakhs-and-counting-for-the-first-time-ever-since-her-transformation-anaya-and-her-father-sanjay-bangar-share-the-frame-pic-goes-viral/articleshow/124721453.cms,2025-10-21T12:08:25,"Anaya Bangar shared a heartwarming Diwali photo with her father, Sanjay Bangar, and family, sparking widespread attention.  Earlier this year, Anaya revealed her struggle to play cricket after her father's assertion of no place for her, leading to suicidal thoughts and a fight for her identity. She continues advocating for inclusivity in sports."
